recipe_id,title,ingredients,reference,prediction,method
0,Apple Dumplings,"1 c. sugar 1 c. water 1/2 tsp. cinnamon 2 drops of red food coloring 2 Tbsp. butter 2 c. flour 2 tsp. baking powder 1/2 tsp. salt 2/3 c. shortening 1/2 c. milk 6 apples, pared and cored","Heat the first 4 ingredients to boiling point; add butter. Sift flour, baking powder and salt together. Cut in shortening; add milk all at once. Stir until flour is moistened. Roll 1/4-inch thick; cut in 6-inch squares. Place an apple on each square; season with sugar, cinnamon and butter. Moisten the edges; fold corners to middle and pinch together. Place dumplings 1 inch apart in baking dish. Pour syrup over them and bake about 35 minutes at 375°. Place cinnamon candy or cube of red jelly on top of each one. Serve with milk or cream.","Combine sugars, water, cinnamon, oil, milk, spices and sugar. Sprinkle flour over apples, then sprinkle butter over the top. Bake at 350º for about 8 to 10 minutes. Let cool on wire rack.",finetuned_top_p
1,"Butternut Squash, Bacon And Lentil Soup","2 - 3 slices bacon roughly chopped (whatever you've got - ham is fine) 1 butternut squash (peeled and chopped into approx 1 inch pieces) 1 - 2 sticks celery, washed & roughly chopped 1 - 2 leeks washed & chopped 1 - 2 medium carrots washed & chopped Butter - depending on how healthy you've decided to be! 1.5 - 2 litres of stock - it has to be Bouillon A dash of milk (maybe a quarter pint) A couple of good tablespoons of dried red lentils (I use these because you don't have to soak them overnight). Puy lentils would be fine too. Maldon salt & freshly milled black pepper Cream & parsley to finish (optional)","Everything is roughly chopped as you will blend it at the end anyway. Fry the bacon in the butter (a good egg size lump for me!) on a low to medium heat just to colour it (not crisp it). 5 minutes later add the pieces of butternut squash, celery, leeks, and carrot and sweat off for 5 - 10 mins on a low heat. Don't colour the vegetables - you're just trying to soften them. Add the stock (use your imagination on how thick you like your soup but I'd have thought about 1.5 - 2 litres would be good). Stir and let simmer for at least half an hour. Add your lentils and simmer for at least another half hour. If you leave the lid off the soup will become more concentrated. After an hour I normally add some milk - about a quarter pint and just let simmer on a low heat for another 15 minutes. Add some salt & pepper (to your taste). Once cooked, let cool for 10 minutes and then whizz with a hand blender. Once cool, I add some flat leaved parsley and (if not freezing) a swirl of cream. This freezes fabulously and is great for a lunch at work with some fresh crusty bread.","Preheat oven to 350 degrees. Bring all ingredients together in a bowl. Chill to room temperature, broil on low for 3 minutes or until tender. Makes 4 wedges. Toss all together. Cover with plastic wrap and chill.",finetuned_top_p
2,Rocky Road Bars,"12 cup butter 1 cup sugar 12-1 cup nuts, chopped 1 teaspoon vanilla 1 (1 ounce) unsweetened chocolate square 1 cup all-purpose flour 1 teaspoon baking powder 2 eggs 8 ounces cream cheese, softened (reserve 2 oz for frosting) 14 cup butter, softened 12 teaspoon vanilla 1 cup semi-sweet chocolate chips, pkg (6 oz) 12 cup sugar 2 tablespoons all-purpose flour 1 egg 14 cup nuts, chopped 2 cups mini marshmallows 1 (1 ounce) unsweetened chocolate square 14 cup milk 1 teaspoon vanilla 14 cup butter, softened 3 cups powdered sugar 2 ounces cream cheese, remaining from the filling","Preheat oven to 350F. Grease and flour a 9x13-inch pan. In large saucepan over low heat, melt 1/2 cup butter and 1 oz. square of chocolate. Add remaining bar ingredients, mix well. Spread into prepared pan. In small bowl combine 6 oz. cream cheese with sugar, flour, butter, egg and vanilla. Blend until smooth and fluffy. Stir in nuts. Spread over the chocolate mixture. Sprinkle with chocolate chips. Bake 25-35 minutes or until toothpick comes out clean. Remove from oven, sprinkle with marshmallows and bake 2 minutes more. In large saucepan over low heat, melt 1/4 cup butter, 1 oz. chocolate square and remaining cream cheese and milk. Stir in powdered sugar and vanilla until smooth. Immediately pour over the marshmallows and swirl together. Makes 3 dozen squares.","Place the butter and sugar on a shallow baking dish; arrange them on a flat surface. Add the vanilla and baking powder, mix well, and mix well to create a fluffy mixture. Place the marshmellons in the center of the butter mixture, mixing well. Add 1 (8 oz) cup powdered sugar, and stir to combine the remaining sugar. Cover the bowl, and let the dough rest for 15 to 20 minutes before rolling it out. Beat the vanilla on the batter and beat well.",finetuned_top_p
3,Slow Cooker Root Beer Pulled Pork,2 pounds New York (top loin) pork roast 1 can root beer 18 ounces barbecue sauce bottle 8 hamburger buns,"Spray your slow cooker with non-stick cooking spray. Place pork in slow cooker. Pour root beer over the pork. Cover and cook on low heat for 6 to 8 hours or until it shreds easily with two forks. Remove pork and shred it using two forks. Drain most of the liquid from slow cooker (keep about 1/2 cup), and return shredded pork to slow cooker, stir in barbecue sauce. Continue heating on low for an additional 30 minutes, until warmed through. Serve on hamburger buns.","In a low heat large skillet over medium-high heat, season pork roast. Set aside. Add remaining ingredients, pork roast, and barbecue sauce. Simmer until pork chops are tender. Add beer and stir until gravy begins to form. Reduce heat and simmer until pork is done. Top with pork chops, carrots, onions and pasta.",finetuned_top_p
4,Tarrah'S Sweet Fried Bananas With Raspberry Coconut Sauce,"10 small bananas 10 egg roll wraps 1/4 cup honey 1 tablespoon cinnamon peanut oil, to deep fry in 1 cup powdered sugar (to garnish) For the Sauce 1 cup raspberries, thawed (pureed and strained) 15 ounces coconut milk (not cream of coconut) 1/4 cup maple syrup (or to taste) 2 teaspoons lemon juice (or half a lemon) 2 tablespoons rum (or your favorite liquor to taste)","For the Bananas: In a deep wok or skillet, fill with peanut oil half way, and heat until about 375 degrees, or when bubbles form around food when placed in oil. (tear off a little piece of the wrappers, and place in oil to test) Place bananas on wrappers diagonaly across, and drizzle with a little honey. Sprinkle a little bit of cinnamon on top of banana and honey. (the 1/4 cup honey and the cinnamon is for all of the bananas). Wrap bananas in eggroll wrappers: Fold bottom corner over banana, then tuck side corners in, Roll rest of wrapper over banana, using a little water (or honey) to seal the edges. Place wrapped bananas in fryer oil and fry until golden (about 5 minutes). Drain on paper towel, and allow to cool slightly before serving. For Sauce: Place strained raspberries and coconut milk in small saucepan and heat over medium heat. Stir to combine, then add and stir in remaining ingredients. Heat mixture until boiled down slightly, and you have a realtivly thick sauce. You may want to chill sauce before serving, but it is good warm too. Sprinkle fried bananas with powdered sugar and serve with raspberry sauce.","Boil for 2 minutes in the water. Add the coconut milk, honey and cinnamon. Cover and chill, stirring until firm. Once chilled, remove from heat. Add 1 tablespoon of the vinegar and toss to coat. Simmer 2 minutes, stirring. Let the bananas sit for 1 to 2 minutes before using.",finetuned_top_p
5,P Triple B,2 ounces Peach Infused Bulleit Bourbon 1/2 ounce Aperol 1/2 ounce Fresh Squeezed Lemon Juice 3/4 ounce hoppy IPA,"Infuse bourbon: Add 1-2 peaches to 750 ml of bourbon and allow to infused for ~6-10 days. Strain and filter, pressing to extract as much as possible. Optional Final Step: add pectic enzyme and filter through a coffee filter to clarify. Shake peach infused bourbon, Aperol, and lemon juice over ice. Add IPA and stir to combine. Double strain into a coupe glass. Garnish with lemon twist or a peach slice.","Mix all ingredients in a bowl, combine. Pour into a small bowl. Place dry ingredients in soda well so they form a perfect, rolling ball. Pour all ingredients down into the bottom of your pitcher. Spoon beer on top and serve.",finetuned_top_p
6,Chicken Casserole,1 can mushroom soup 1 can celery soup 1 box chicken flavored stuffing mix 1/4 stick oleo 6 chicken breasts 1 pt. sour cream 1 can sliced water chestnuts,"Boil chicken breasts; pull off bone and cut in chunks. Lay in casserole bowl. Mix and heat mushroom soup, celery soup and sour cream. Add oleo to soup mixture. Pour soup over chicken. Top with stuffing mix. Bake, covered, at 350° for 45 minutes. Uncover and cook 20 minutes or until brown.","While chicken soup cooks in a stand mixer, add chicken broth and vegetables. Bring to a boil over high heat. Drain with cold water. Serve warm. Cool before serving.",finetuned_top_p
7,Phad Ped Gare (Stir-Fried Lamb With Red Curry Paste and Ginger),"200 g lamb, sliced 120 g string beans 80 g purple eggplants 30 g ginger 20 g kaffir lime leaves 10 g fresh black peppercorns 50 g Thai basil 10 g garlic, chopped 10 g small red chilies, chopped 20 g big red chilies, sliced 30 g white sugar 30 g oyster sauce 10 ml coconut milk","Heat wok and add oil. When the oil is hot, add the garlic, small chopped chilies, curry paste and wild ginger. Stir and cook until the mixture is soft and flavorful. Add the lamb, string beans, and eggplant to the curry paste. Keep stirring until fully cooked. Add sugar and oyster sauce and stir well. Taste to see if more seasoning is needed. Add the fresh pepper corns, sweet basil, and sliced chili. Stir well. Ladle on to a plate, add a dash of coconut milk and serve.",Arrange lamb in a large bowl. Boil until light and bubbly. Reduce heat to medium. Add sesame seeds and celery. Simmer 30 minutes.,finetuned_top_p
8,Salted Caramel Chocolate Chip Cookies,"2 3 .5-ounce caramel-filled dark chocolate candy bars 1 3/4 cups all-purpose flour 1/2 teaspoon baking soda 1/2 teaspoon baking powder 1/4 teaspoon fine salt 1 stick unsalted butter, at room temperature 1/2 cup packed light brown sugar 1/4 cup granulated sugar 1 large egg 1 teaspoon pure vanilla extract Flaky sea salt, for sprinkling","Freeze the candy bars until hard, at least 1 hour; cut into 1/4-inch pieces and keep frozen until ready to use. Whisk the flour, baking soda, baking powder and fine salt in a medium bowl. Beat the butter, brown sugar and granulated sugar in a large bowl with a mixer on medium speed until light and creamy, about 3 minutes. Add the egg and vanilla and beat until combined. Reduce the mixer speed to low and gradually beat in the flour mixture until incorporated. Stir in the frozen chocolate pieces. Line 2 baking sheets with parchment paper. Arrange scoops of dough (about 2 tablespoons per cookie) about 2 inches apart on the baking sheets. Refrigerate until cold, at least 1 hour or overnight. Position racks in the upper and lower thirds of the oven and preheat to 375 degrees F. Sprinkle the cookies with sea salt. Bake, switching the pans halfway through, until light golden, 10 to 12 minutes. Let cool completely on the baking sheets. Photograph by Levi Brown","In a blender or food processor cream together the chocolate candy, sugar, flour, baking soda, salt, baking powder, baking, and salt. Blend on medium-high until smooth. Scrape down the sides of a 9-inch-long cookie cutter and cut into wedges. Place into a greased 9-x13-inch pan. Combine the ovenproof cookies and the powdered sugar. Whisk together the melted chocolate mixture, the glaze, and the butter in a medium bowl. Fold in the powdered eggs, the sugar, vanilla, and pure vanilla. Pour into a 13-ounce serving (6-cup) can. Bake at 350 degrees F for 8-10 minutes or until toothpick inserted, one side slightly blistered.",finetuned_top_p
9,Snack Oyster Surprise,1 pkg. oyster crackers 1 1/2 tsp. garlic powder 1 1/2 tsp. dill weed seed 1 tsp. lemon pepper 1 c. oil 1 pkg. Hidden Valley Ranch dressing (dry),Combine and continue to stir until oil disappears. Can put oil on crackers. Put in oven 5 to 10 minutes.,"Melt butter in a large skillet over medium heat. Add oyster filling and whisk until well blended. In a medium bowl, mix flour, salt, oregano, ginger, garlic, and 1/4 tsp. salt. Stir together oyster flavors; add remaining ingredients and toss until mixture is soft. Stir in dill and oil; stir to coat ingredients. Heat oyster mixture over medium-high heat and cook 1 minute. Turn oyster rack to serving point; rack on center side until dry. Let rest for 10 minutes. (Make this at least 2 hours before serving)",finetuned_top_p
10,White Burgundy Chicken over Buttered Egg Noodles,"salt 1 12 lbs wide egg noodles 6 tablespoons butter 12 cup fresh flat-leaf parsley, coarsely chopped black pepper 4 tablespoons extra virgin olive oil 6 (6 ounce) boneless skinless chicken breasts, cut into bite-size pieces 2 cups white burgundy 1 (16 ounce) bag frozen pearl onions, defrosted and patted dry on kitchen towels 4 garlic cloves, smashed 12 lb baby carrots 5 celery ribs 6 fresh thyme sprigs 2 bay leaves 3 tablespoons all-purpose flour 3 cups chicken stock 1 (10 ounce) package frozen peas, defrosted","Bring a large pot of water to a boil over high heat; add in salt and egg noodles; cook according to package directions; drain the noodles well, then transfer them to a large bowl. Add 3 tablespoons butter, the parsley, and a little salt and pepper; keep warm. While the water is coming to a boil, preheat a large nonstick skillet with 2 tablespoons oil over med-high heat. Preheat a large Dutch oven over medium heat. Season the chicken with salt and pepper; add half the chicken to the skillet; brown for about 2 minutes on each side. Remove the browned chicken to a plate and return the skillet to the heat. Add a little more oil and the remaining chicken; brown on both sides. Combine all the browned meat and deglaze the pan with 1 cup wine, using a wooden spoon to scrape up all the brown bits; remove pan from heat. While the first batch of chicken is cooking, add the remaining 2 tablespoons of oil and 3 tablespoons butter to the Dutch oven. Once the butter starts to bubble, add the pearl onions and garlic cloves; brown them for 4-5 minutes, until they are nice and brown all over. Cut the baby carrots into half lengthwise and cut the celery into 1 1/2 to 2 inch pieces. Strip the leaves off the thyme sprigs and chop. Add the baby carrots, celery, thyme, and bay leaves to the pearl onions and season with salt and pepper. Cook the vegetables, stirring them frequently, for 2 minutes. Sprinkle them with the flour and cook for 1 minute, then add the remaining cup of wine and the liquid from the chicken skillet. Add the chicken stock and bring everything up to a bubble, then add reserved chicken and simmer everything together for 10 minutes. Add the peas and cook about 1 minute, until heated through; discard the bay leaves. Serve over buttered noodles.","Preheat oven to 375 degrees F. Place cooked egg noodles in oil and brown on saucepan. Stir in noodles until tender. Cook 10 to 15 minutes, until noodles are golden and tender, about 1 minute longer than you think. Drain noodles from pans. Remove with a wooden spoon and return to oven to bake for 35 minutes or until noodles begin to tender, turning brown on all sides. Drain as well as you can. Add remaining noodles, stir until mixture is incorporated and golden, about 2 minutes.",finetuned_top_p
11,Lamb Vindaloo,"1- 1/2 Tablespoon Grainy Mustard 1- 1/2 teaspoon Ground Cumin 1 teaspoon Ground Turmeric 1 teaspoon Cayenne Peper (adjust Depending On Your Heat Tolerance) 1 teaspoon Salt 1 teaspoon Red Wine Vinegar 2 Tablespoons Olive Oil 1 Small Onion, Peeled & Cut Into Fine Half-rings 6 cloves Large Cloves Garlic, Peeled And Minced 2 pounds Boned Shoulder Of Lamb - Cut Into 1"" Cubes 23 cups Canned Coconut Milk - Well Stirred 23 cups Water 1 Small Green Chili (optional)","Combine mustard, cumin, turmeric, cayenne, salt and vinegar in a cup and mix well. Set aside. Put oil in large frying pan over medium-high heat. When the oil is hot, add the onion and cook until its medium brown. Add the garlic and cook another 30 seconds. Add the spice paste and cook another minute. Add meat and stir-fry for about 3 minutes more. Add the coconut milk and water, cover and bring to a boil. Lower heat to a simmer and cook for 60-70 minutes. Optional: Depending on the thickness and amount of sauce you prefer, the liquid can be reduced at this point. I like to reduce the liquid until its about 1/2 the amount the original recipe calls for. To do this, at the end of the 60-70 minutes of simmering, uncover the pan, bring the liquid to a boil and simmer until the sauce is 1/2 the amount you started with (about 10-15 minutes). Remove from heat and serve. Adapted from Madhur Jaffreys Quick & Easy Indian Cooking.","Heat 1 tsp Flour in oil. Add 2 teaspoons Worcestershire sauce, stir and whisk until smooth, about 1 minute. Pour in the hot milk. Pour on cubes, and sprinkle over side. Bake 10-15 minutes or until the pan dries. In a wire rack, heat 6 tablespoons olive oil over medium heat, stirring every 4 seconds, stirring to mix. When oil is thickly colored, add onion. Refrigerate the leftover peas for 6-8 hours or until they are partially cooked through. Add remaining 8-10 tablespoons oil to cream sauce. Stir until warmed through and the peas are lightly cooked. Serve on top of fresh mint slices.
InstructIONS: In a bowl, stir together the flour, Worcesterhire sauce and water. Pour over qu",finetuned_top_p
12,Bourbon Chocolate Pecan Pie,"1-1/4 cups all-purpose flour 1 tablespoon sugar 1/2 teaspoon salt 1/2 cup cold butter 3 to 5 tablespoons ice water 3 large eggs 1 cup packed dark brown sugar 1/2 cup light corn syrup 1/2 cup dark corn syrup 1/4 cup bourbon 2 tablespoons butter, melted 1/2 teaspoon salt 1-1/2 cups pecan halves, divided 3/4 cup 60% cacao bittersweet chocolate baking chips, divided","Combine flour, sugar and salt; cut in butter until crumbly. Gradually add water, tossing with a fork until dough holds together when pressed. Flatten into a disk. Wrap in plastic; refrigerate until easy to handle, about 1 hour. Preheat oven to 325°. On a floured surface, roll dough to a 1/8-in.-thick circle; transfer to a 9-in. pie plate. Trim pastry to 1/2 in. beyond rim of plate; flute edge. Beat first seven filling ingredients until blended. Stir in 1 cup pecans and 1/2 cup chocolate chips. Pour filling into crust; sprinkle with remaining pecans and chocolate chips. Bake until crust is golden brown and filling is puffed, 50-60 minutes. Cool completely on a wire rack.","Preheat oven to 350 degrees. Spray paper towels with nonstick cooking spray. In a bowl, beat together butter and sugar until creamy. Add eggs. Add remaining 1 cup, heat and stir until well combined. Add corn syrup and butter. Stir. Pour into graham cracker crust. Bake 30 to 40 minutes, or until the eggs are set on each side. Cool in pan, stirring occasionally. Remove from pan and rack on top.",finetuned_top_p
13,Apple Fritters,"1 c. flour 2 Tbsp. sugar 1 tsp. baking powder 1/4 tsp. salt 1 beaten egg 1/4 c. milk 2 c. finely chopped, peeled apple oil for frying powdered sugar 1 box vanilla pudding (3 oz.) 1 c. milk 3/4 c. oleo 1 can pineapple pie filler 3/4 c. sugar 1 pkg. coconut",Mix and cook together the pudding and milk. Cream for 20 minutes: oleo and sugar. Add to pudding mixture and pour on cake. Spread one can pineapple pie filler on top. Sprinkle coconut on cookie sheet and toast in oven until browned. Sprinkle on top. Refrigerate.,"In a large bowl, mix flour, sugar, baking powder and salt. Stir in egg, milk, oleoe and pineapple juice; blend well. Beat with mixer until well combined. In a separate bowl, whisk together the flour and sugar. In batches, stir with a wooden spoon until incorporated. In another bowl, combine the remaining flour and soda. Stir well to coat. In an extra-virgin olive oil-based mixing bowl, beat at medium-high speed until blended. Add to dry ingredients. Pour into a greased 12-inch round glass half-sheet pan and bake at 350 degrees for 25 minutes or until browned. Cool. Cut into squares in half. Brush chocolate spread generously with remaining chocolate. Place in the greased 6-inch and 10-inch gre",finetuned_top_p
14,Jerusalem Artichoke And Apple Purée,"3 pounds Jerusalem artichokes 2 apples 1 Yukon Gold or other yellow-fleshed potato 1 cup heavy cream 2 tablespoons butter Water, as necessary Salt and pepper, to taste","Peel the Jerusalem artichokes, potato, and apple and cut into rough 2-inch pieces. As you are prepping, drop them in lightly salted water so they don't discolor. Drain the vegetables and place in a pot with 1/2 cup of the cream and just enough water to cover the vegetables. Boil until tender. Drain puree using a food mill or potato ricer. Do not put in a food processor or blender, as it will come out gummy. Meanwhile, heat the remaining cream with the butter. When melted, stir into the puree lightly (you don't want to overwork it). If you want to make it ahead, you can cool the mixture down and then reheat in a hot 375° F oven. Place the potatoes in a Dutch oven or roasting pan, drizzle a couple tablespoons of water around the edges and a pinch of salt, and heat up for about 15 minutes, until the puree is hot throughout, and personally, I like to let it get a bit golden on the top.","Mix and divide Jerusalem artise and onion. Sift salt and pepper into 4 tablespoons flour. Mix sugar and water. Dip the marinade in flour until soft peaks appear. Set aside. Butter a 9 x 9 c. cupcake cupcake plate with the semisweet chocolate brownies, crusting each on a cookie sheet. Bake at 350 for 30 to 40 minutes, rotating aside in cooling dish.",finetuned_top_p
15,Sausage Soup,1 lb. hot Italian sausage olive oil 1 large can of tomatoes 2 cans of water (from tomato can) 2 small cans of mixed vegetables 1/2 c. barley Oregano and tarragon to taste 2 c. colored pasta twirls,"Brown sausage in small amount of olive oil. Add tomatoes and water and then vegetables, barley and seasonings.","Place sausage in a crock pot or wok; cover with water and simmer for 8 to 10 hours. Mix together vegetables and tomato. Serve warm with pasta. Recipe note: Easy Italian Sauce can be substituted for hot Italian Sauce.
Ingredients for Sausages: 1 whole chicken, drained and strung. 2 medium mushrooms, peeled and chopped into wedges. 2 bay leaves and 2 tsp. salt and pepper to taste. Combine meat and tomatoes. Place sausages in the crock-pot. Bring water to boil, cover and simmer 20 to 25 minutes. Drain sausage, add herbs and garlic, saute 3 to 4 minutes longer. Add wine vinegar, and simmer till seafood are tender, about 2 minutes. Remove from pot, reduce heat and let cool. Remove",finetuned_top_p
16,Simple Shortbread Cookie,"2 cups All-purpose Flour Plus More For Flouring Work Surface 1/4 teaspoons Salt 1 stick Unsalted Butter, Room Temperature 1/2 cups Powdered Sugar 1 teaspoon Vanilla Extract","In a large bowl, sift the flour and salt. Cream butter and powdered sugar in the bowl of a standing mixer until light and fluffy. Beat in vanilla. Reduce the speed to low and beat in the flour mixture until just incorporated. Gather dough and form it into a disk. Cover with plastic wrap and refrigerate for about 30 minutes to chill. Preheat oven to 350 F. Line 2 baking trays with parchment paper. On a lightly floured surface, roll out the dough to 1/4 inch thickness. Cut into rounds or other shapes using a floured cookie cutter. Place on the prepared baking sheets and place in the refrigerator for about 15 minutes. Remove the pans from the fridge and put them into the oven. Bake the cookies for 8 to 10 minutes, or until cookies are lightly browned. Remove from oven and let the cookies cool a few minutes on the baking sheet before transferring them to a wire rack to cool completely.","Cook Flour mixture together in a food processor until light golden. Transfer dough to a fork and knead until well mixed, about 1 minute. Transfer Flour to an 8x10 greased work surface. Add flour, salt and vanilla. Roll dough into 8-inch by 8-pounds pieces. In small bowl mix together egg whites, butter, sugar and vanilla (either at room temperature or at room temp and with gentle stirring occasionally). Beat in flour mixture, eggs and the vanilla. Use prepared sheets to stack dough. Bake in 2-3 ovens for 35 minutes or until slightly golden.",finetuned_top_p
17,Like Red Lobster Biscuits,2 c. Bisquick 2/3 c. milk 1/2 c. finely grated shredded cheese (Cheddar),Mix well and drop on cookie sheet. Makes 10 to 12 biscuits. Bake until slightly brown. Then brush top of hot biscuits with 1/4 cup melted butter and 1/4 teaspoon garlic powder.,"In a large food processor, process sour cream mixture until coarsely chopped. Add salt and pepper to taste. Mix and cover. Divide among prepared biscuit baking pans. Bake in 350°C oven at 350°F for 1 hour, or until golden brown on a wire rack.",finetuned_top_p
18,Mixed-Nut Spiced Toffee,"1 1/4 cups (2 1/2 sticks) unsalted butter 1 cup sugar 1/2 cup (packed) golden brown sugar 1/3 cup water 1 tablespoon mild-flavored (light) molasses 1/2 teaspoon salt 1/4 teaspoon ground allspice 2 cups coarsely chopped toasted mixed nuts (such as cashews, almonds, and pistachios) 5 ounces bittersweet (not unsweetened) or semisweet chocolate, coarsely chopped","Butter small rimmed baking sheet. Melt butter in heavy medium saucepan over low heat. Add next 6 ingredients; stir until sugars dissolve. Attach clip-on candy thermometer to pan. Increase heat to medium; boil until thermometer registers 290F, stirring slowly but constantly and scraping bottom of pan with wooden spatula, about 20 minutes. Remove pan from heat. Mix in 1 1/2 cups nuts. Immediately pour candy onto sheet. Spread toffee to 1/4-inch thickness. Immediately sprinkle chocolate atop toffee. Let stand 1 minute. Using back of spoon, spread chocolate over toffee. Sprinkle with 1/2 cup nuts. Chill 1 hour. Break toffee into pieces. (Can be made 2 weeks ahead. Chill in airtight container. Let stand at room temperature at least 30 minutes and up to 1 hour before serving.)","In a large bowl, combine eggs, sugar, molasses, water, and salt. Stir to blend. With a fork, stir mixture until light browned and smooth. Pour over vanilla bean and vanilla mix. Cover and chill in plastic dish to preheat, to chill.",finetuned_top_p
19,Thick Crispy Fried Potatoes,1500 grams potatoes 40 sea salt 25 grams sugar 750 milliliters sunflower oil,"In a large container or in a pot mix together 2 litres of cold water with salt and sugar, stir well, so that the sugar and salt dissolve completely. Peel the potatoes. Cut peeled potatoes into slices 15 mm / 0.6 inch thick. Place them in a brine. Set aside for 40 minutes. Turn the heat on to high, and bring the water to a boil in another pot. Meanwhile, drain off the brine and place the potatoes into a boiling water. Lower the heat and let it simmer slowly for 10 - 12 minutes. Drain the potatoes well and blot with paper towels to dry them, let the potatoes to cool and dry. Heat a large pot, filled with oil to 130 °C / 266 °F. Fry them in three batches, using a strainer gently place them in the hot oil. Fry each batch for about 8 minutes, they should be firm and golden. Lay them out on a tray, lined with a paper towel, let them cool and dry. Heat the same pot, filled with the same oil once again, this time to 190 °C / 375 °F. Once again fry the potatoes in three batches, using a strainer gently place them in the hot oil. Fry again for 5 - 7 minutes. Drain the potatoes on paper towels to remove any excess oil. This will prevent them of becoming greasy as the potatoes cool. Season to taste.","Preheat oven to 350 degrees F. Stir in potatoes, salt and pepper. Cut into 1 inch pieces and refrigerate until cool.",finetuned_top_p
20,Crab And Broccoli,"1 lb. cooked broccoli 1/2 lb. flaked crab 1 chopped onion 2 Tbsp. lemon juice 1/4 c. chili sauce 1 c. sour cream 1 c. grated Cheddar 1 Tbsp. lemon peel, grated","Drain broccoli and break into chunks. Bake with other ingredients in a shallow, buttered casserole at 350° for 20 minutes.",Cook broccoli and cut into thin ribbons. Reduce garlic and onions and season with salt and pepper. Cover with plastic wrap and refrigerate to at least 3 hours.,finetuned_top_p
21,Apricot Salad,"1 (6 oz.) pkg. apricot jello 1/3 c. sugar 2/3 c. water 1 (8 oz.) cream cheese 1 (8 oz.) carton apricot yogurt 1 large jar apricot baby food 1 c. crushed pineapple, drained 1/2 c. pecans, chopped","Mix jello, sugar and water; heat until it boils. Cool. Beat together cheese and yogurt. Fold in baby food, pineapple and jello. Add pecans. Put in 1-quart mold or 6 x 10 pan. Serves 12 to 14.","Beat the flour, soda and sugar together; coat in the apricots, cream cheese, water, pineapple, paprika and salt. Spray a 9x13-inch baking dish with cooking spray. In a small bowl, whisk together the dill and peel the peach, the pineapple, and pecks, reserving 2 tablespoons for sprinkling with marinade, adding more marinated the eggs, if desired. Season with salt and pepper. Sprinkle some more apricos over the top of the dish and cover with foil. Bake in 350° for about 15 minutes, until the aprigolds begin to set. To serve, top with the banana marinated ingredients, some pineapple wedges and soften the edges. Garnish with the remaining fruit wedges.",finetuned_top_p
22,Beet Salad with Plums and Goat Cheese,"12 2-inch-diameter beets, tops trimmed 1/2 cup white wine vinegar 1 teaspoon sugar 1/2 cup vegetable oil 1/4 cup walnut oil or olive oil 1 1/2 pounds firm but ripe plums, pitted, cut into 1/2-inch pieces 1 medium-size red onion, sliced into rings 1 1/2 6-ounce bags fresh baby spinach leaves 8 ounces soft fresh goat cheese (such as Montrachet), crumbled","Preheat oven to 375F. Wrap beets tightly in foil packages (3 beets in each). Place on baking sheet. Roast beets until tender, turning packages occasionally, about 1 hour 45 minutes. Unwrap beets; cool completely. Peel beets and cut into 1/4-inch-thick rounds. Place in large bowl. Combine vinegar and sugar in blender. Gradually blend in vegetable oil, then walnut oil. Season vinaigrette to taste with salt and pepper. (Beets and vinaigrette can be prepared 2 days ahead. Cover separately; refrigerate. Let beets stand 2 hours at room temperature before continuing. Rewhisk vinaigrette before using.) Toss beets with 1/4 cup vinaigrette. Toss plums and onion with cup vinaigrette in another large bowl. Season with salt and pepper. Overlap beets around edge of platter. Mound spinach in center of platter; drizzle with some vinaigrette. Spoon plums and onion over salad. Sprinkle with goat cheese and serve.","In a large bowl, combine vinegar, white wine, vegetable oil, and sugars; stir together. Simmer until all ingredients are blended. Place in a salad bowl. Season beets with salt and pepper. Store in the refrigerator or up to 6 months.",finetuned_top_p
23,Rye Bread Bowl,1 pt. sour cream 1 pt. Hellmann's mayonnaise 2 tsp. dill weed 2 tsp. Bon Appetit or celery salt 2 Tbsp. dried minced onions 2 Tbsp. dried parsley 1 (12 oz.) can corned beef 2 loaves round unsliced rye bread,Mix all ingredients together except the corned beef. Break up corned beef very small and add to mixture.,Lightly toast bread with the topping of thyme. Stir in the mustard. Drizzle extra mustard onto bread. Bake in 350 degree oven at 350 degrees.,finetuned_top_p
24,Grandma'S Cranberry Salad,"1 (12 ounce) package frozen cranberries 1 (8 ounce) can crushed pineapple, drained 1 cup chopped pecans 1 (10 ounce) package miniature marshmallows 1 cup sugar 1 pint heavy whipping cream","Put cranberries in a food processor and blend until well chopped. Transfer cranberries to a large bowl, and mix in pineapple, pecans, marshmallows and sugar. In a medium bowl, beat cream with an electric mixer until stiff peaks form. Fold whipped cream into cranberry mixture. Chill until ready to serve. (Or, freeze for 2 hours before serving.)","Combine ingredients in a medium saucepan over medium high heat. Cook, stirring, until frozen. Remove from heat, and set aside. In a large bowl, combine carrots and pine nuts and mix well. Transfer mixture to center pan. Chill for 2 hours in plastic wrap and chill in refrigerator overnight.",finetuned_top_p
25,Blueberry Lemon Pound Cake Recipe,1/3 c. lowfat milk 6 lrg Large eggs 1 1/2 Tbsp. vanilla 2 2/3 c. all-purpose flour 1 tsp double-acting baking pwdr 1 1/4 tsp salt 3 stk unsalted butter softened (1 1/2 c.) 1/2 c. granulated sugar 3/4 c. firmly packed light brown sugar 1/4 c. freshly grated lemon zest 3 c. picked over blueberries tossed with 1 1/2 Tbsp. flour 1/3 c. fresh lemon juice 1/2 c. granulated sugar,"Make the cake:In a small bowl whisk together the lowfat milk, the Large eggs, and the vanilla. Into a bowl sift together the flour, the baking pwdr, and the salt. In a large bowl with an electric mixer cream the butter with the granulated sugar, the brown sugar, and the zest till the mix is light and fluffy, add in the flour mix alternately with the egg mix, beginning and ending with the flour mix and beating the batter after each addition till it is just combined, and mix in 1 1/2 c. of the blueberries. Spoon one third of the batter into a greased and floured 10-inch (3-qt) bundt pan, spreading it proportionately, and sprinkle 1/2 c. of the remaining blueberries over it. Spoon half the remaining batter into the pan, spreading it proportionately, and sprinkle 1/2 c. of the remaining blueberries over it. Spoon the remaining batter into the pan, spreading it proportionately, sprinkle the remaining blueberries over it, and bake the cake in the middle of a preheated 350A degrees F. oven for 1 hour to 1 hour and 10 min, or possibly till it is golden brown and a tester comes out clean. Remove the cake from the oven, poke the top immediately all over with a wooden skewer, and brush it with half the syrup. Let the cake cold in the pan on a rack for 10 min, invert it onto the rack, and poke it all over with the skewer. Brush the cake with the remaining syrup. Make the syrup while the cake is baking: In a small saucepan combine the lemon juice and the sugar, bring the mix to a boil, stirring till the sugar is dissolved, and remove the pan from the heat. One 10-inch bundt cake.",Spray a 9 x 13-inch baking pan. Cover with waxed paper. Cover and bake at 350 degrees until cut. Cool on wire rack for 20 minutes.,finetuned_top_p
26,Vampire Kiss Martini,"1 part vodka, chilled 1 part Champagne 1 part Chambord Garnish with wax teeth/candy corn/blood orange slice","Pour vodka in a martini glass, top with Champagne and pour a little of the Chambord over the back of a spoon to make it float.","Use a fork to scrape the whiskey from the bottoms of martini bottles. If necessary serve with a pastry or both. Strain off all the whiskey. Add Champagne, Champagne red wine, red wine garnish with corn/cherry shards and maraschino cherries and pour over the martini. Spread over a plate and garnish, garnishing with corn, cassis, and cross and semi-flavored grape essence. Make the Italian section. Mix up the rest of the ingredients. Pour over the underlined dish, pouring the liquid over the meat and adding dried horseradish. Serve immediately, eating in a chilled cellars under slightly shady sunlight.",finetuned_top_p
27,Marinated Cucumbers,"1/4 c. water 1 Tbsp. sugar 3 Tbsp. vinegar 2 tsp. salad oil 1/4 tsp. dried basil, crushed 1/8 tsp. pepper several dashes of bottled hot pepper sauce 2 medium cucumbers, thinly sliced (about 3 c.) 1 small onion, thinly sliced 1/2 c. sliced radishes 4 lettuce leaves (optional)","In a medium mixing bowl, stir together the first 7 ingredients. Add cucumbers and onion; toss to coat. Cover and refrigerate for 2 to 24 hours.","Mix the water, sugar and vinegar. Add the cucumbers and radishes and toss well. Cover and refrigerate overnight. Drain the lettuce leaves. Dump the sauce and dip the cucumber in the hot sauce. Drain. Add water to the mixture and toss in the basil and pepper. Dip in the salad oil and toss. Repeat with the lettuce, and toss with the radishes. Dip the tomatoes in the oil, toss them with the salad itself and toss again. Stir everything together. Serve at room temperature.",finetuned_top_p
28,Tortilla Soup,"3 Tablespoons Oil 2 cups Chopped Onion 2 cups Chopped Carrots 1 cup Chopped Celery 4 cloves Garlic, Finely Chopped 8 cups Chicken Broth 1 can (28 Oz. Can) Crushed Tomatoes 2 cans (4 Oz. Can) Chopped Green Chiles 1-1/2 teaspoon Ground Cumin 1-1/2 teaspoon Chili Powder 1 teaspoon Ground Coriander 1 Tablespoon Kosher Salt 1-1/2 teaspoon Freshly Ground Black Pepper 4 whole Boneless, Skinless Chicken Breasts 3 cups Crushed Tortilla Chips","Heat oil in a large pot or Dutch oven set over medium heat. Add the onions, carrots and celery and cook, stirring frequently, until the onions start to brown. Add the garlic and cook for another 30 seconds. Add the chicken broth, tomatoes, chiles, cumin, chili powder, coriander, salt (depending on the saltiness of the chicken broth) and pepper. Submerge chicken breasts completely in the liquid. Bring the soup to a boil, then lower the heat and simmer, uncovered, for 30 minutes. Remove the chicken and shred with two forks. Add the shredded chicken back to the pot along with the chips and simmer, uncovered, for another 20 minutes. Re-season to taste with salt and pepper. Serve hot with selected garnishes: scallions/chives, shredded cheese, sour cream, salsa, avocado.","Heat oil in a large skillet. Add onions and carrots and cook on low for 1 minute. Add carrots and stir until vegetables are tender. Remove the meat from pan. Cook, uncovered, about 15 minutes. Remove skillet from heat and add garlic, onion, chiles and celery. Cook until vegetables add to the veggies, about 4 minutes, until onions are slightly browned and onion is fully chopped. Add half of the green chiles to vegetables. Season with salt and pepper. Add tomatoes and cook for 5 minutes until tomatoes are slightly saucy, turning once or twice per hour. When vegetables are slightly caramelized, add salt and garlic to taste. Stir in grated Parmesan cheese and brown until golden and slightly crumbly, about 10 minutes. Serve hot with remaining tort",finetuned_top_p
29,Creamy Tomato Basil Soup With Cheddar Croűte,"4 cups (32 ounces) boxed tomato or tomato-herb soup 4 cup slices ry bread, each cut into 4-inch rounds and toasted 1 ounce part-skim sharp cheddar cheese, but into 4 slices 3 tablespoons reduced-fat sour cream 1/4 cup chopped fresh basil 1/2 teaspoon freshly ground black pepper Chopped fresh basil (optional)","Preheat oven to 350°. Place the soup in a large saucepan; bring to a boil. Reduce heat to low; cover and keep warm. While the soup is heating, top each toasted bread round with 1 cheese slice; place on a baking pan. Bake in middle of oven until cheese is melted (about 5 minutes). Add the sour cream and basil to soup. Ladle soup into bowls; top with toasts. Sprinkle with pepper and garnish with basil, if desired. Serve immediately.","Mix tomato soup and turkey. Drain 4 cups shredded cheddar, discard cut tomato and stir in half of sliced bread. Use aside to smooth over crook and gravy. Put all the tomato soup, turkey, basil and garlic into a saucepan over low heat. Simmer the hot soup to about 50 minutes or until the soup is tender. Whisk the salt, pepper, herbs and zest in the soup mixture and season with salt and pepper. Season well with olive oil. Reserve water, slightly soak for at least 10 minutes to reduce heat. Meanwhile, divide the soup into 6 pieces and boil 2 minutes. Remove chicken broth and cut into 1/3-inch slices. Season with salt, cumin and oregano, and remaining ½ teaspoon ground black peppercorns. Store cooked",finetuned_top_p
30,Chess Bars,1 egg 1 stick butter 1 box yellow cake mix with pudding 3 eggs 8 oz. cream cheese 1 box powdered sugar,"Mix egg, butter and cake mix; this will be very stiff so you will need to pat into pan. Beat eggs and cream cheese and powdered sugar until smooth; pour on top of first mixture in pan. Bake at 300° for 60 minutes. Let cool and cut into squares.","Mix egg, butter and cream cheese until smooth. Add cake mix and the pudding. Mix in egg mixture. Then mix in powdered sugar and mix in pudding mixture. Combine sugar and butter in pan. Spoon batter into first 16 egg and roll out on a greased paper cookie sheet. Bake for 45 minutes at 350°. Cool completely before serving.",finetuned_top_p
31,Crazed Chocolate Biscuits,"125 g dark chocolate, finely chopped 23 cup plain flour 14 cup cocoa powder 1 teaspoon baking powder 1 pinch salt 60 g unsalted butter, at room temp 34 cup packed light brown sugar 1 egg, large 12 teaspoon vanilla extract 2 tablespoons milk 12 cup caster sugar 12 cup icing sugar","Melt the chocolate in the microwave (750 power) on low, or in a basin over hot water. Stir until chocolate is melted, then cool. Sift the flour, cocoa, salt and baking powder together. Beat the butter and brown sugar together until light and fluffy. Add the egg and vanilla, and mix well. Mix in the cooled melted chocolate. Reduce speed to low and add the flour mixture in two batches, alternating with the milk. Wrap the dough in cling wrap and refigerate until the dough is firm. (This will take at least 2 hours). When about to bake, preheat the oven to 175c (fan forced 155c). Line the trays with baking paper. Roll the dough into 2-5cm balls and roll in the caster sugar to coat then. toss the balls in the icing sugar and place balls on the lined trays about 5cm apart. Bake biscuits fior about 15 minutes or until the surfaces crack. Remove from oven and cool on tray.","Beat dry ingredients in a large bowl. Add flour, baking powder and salt, and stir well until incorporated. Gradually add chocolate mix. Fold in in butter mixture, and refrigerate until ready to use.",finetuned_top_p
32,Icee Delights,1 tsp. any flavor Kool-Aid 2 tsp. sugar 4 oz. water 6 oz. ginger ale crushed ice,Mix Kool-Aid and sugar. Add water and stir thoroughly. Add ginger ale and stir again. Pour into	blender. Add crushed ice and blend on high until ice is thoroughly blended. Enjoy!,Heat oven to 375°. Add water to ice. Place icee in a blender. Reduce heat to low and add ginger ale. Add icee mixture and ginger ale mixture and blend until smooth. Pour into ice container. Bake 30 minutes at 350°.,finetuned_top_p
33,Pira Caldo,"2 Tablespoons Olive Oil, Or As Needed 1 whole Green Bell Pepper, Cubed 1 bulb Leek, Sliced Into 1/4 Inch Rings 3 stalks Celery, Diced 2 whole Medium Yellow Onions, Diced 2 whole Medium-sized Carrots, Cubed 1/2 cups Snap Peas (optional) 2 Red Chili Peppers, Deseeded To Your Desired Level Of Added Spicy (optional) 1 leaf Bay Leaf 1 pound Surubi Fillets (or Another White River Fish Equivalent, Like Flounder) 1 cup White Wine 1 cup Water, Or More As Needed 1 can (about 13 1/2 Oz. Size) Full-fat Coconut Milk 2 Tablespoons Tomato Paste 3 whole Plum Tomatoes, Peeled And Diced 1 cup Shredded Paraguayan Cheese (or Similar Soft White Cheese Like Mozzarella) 4 sprigs Cilantro, Chopped (optional)","Bring a large stockpot over high heat and add olive oil. Once olive oil is heated, add bell peppers, leeks, celery, onions, carrots, snap peas, chili peppers and bay leaf. Reduce stove to medium-high heat to saute and soften the vegetables for 8-10 minutes. As the vegetables start to sweat, place fillets on top of the vegetables and cover the stockpot. Let sit covered for about 5 minutes, stirring occasionally and ever so delicately to keep vegetables from sticking to bottom. After 5 minutes, the fish will have been steamed and will begin to flake. At this point, pour in white wine to deglaze bottom of pot. Begin to stir around for 1-2 minutes and flake the fish apart. Add water and stir around for another minute. Add coconut milk, tomato paste, and tomatoes (with their juice) to stockpot. Stir around for 1-2 minutes. If all ingredients are not yet submerged in your stockpot or you'd like to make more servings of the soup, add up to another cup of water. Finally, add shredded cheese and cilantro (optional) and turn off heat. Stir thoroughly as cheese melts into soup. Serve hot. Recipe from (translated and adapted by) Tembi'u Paraguay.","Prepare all ingredients and mix together until smooth, 1/3 Inches per lb., remove from heat, rinse with cold water, and coat 1 inch deep. Add olive oil, water, squash root, parsley, salt and pepper, and set aside. Add mint leaves and pineapple, cover, turn off heat. Pour into bowl. Top with water and Parmesan cheese. Sprinkle generously with chopped parsley. Repeat with remaining pasta, noodles, canned steaks, pickles, if desired. Stir until all noodles are fully cooked and sauce thickens. Top lightly with remaining sauce. Serve in a large bowl with crushed avocado. Recipe Notes: Reserve 3 cups Worcestershire sauce or brandy for your next mousse or swerve for filling.",finetuned_top_p
34,Cranberry Punch,1 qt. fresh cranberries 1 qt. water 1 c. sugar 5 whole cloves 1 tsp. grated lemon rind 1 tsp. grated orange rind 2 Tbsp. lemon juice thin slices orange,"Cook cranberries and water in a covered kettle until their skin pops. Puree berries. Add sugar, cloves and rinds. Stir thoroughly. Chill. Add the lemon and apple juices. Stir to blend. Serve immediately. Garnish with thin slices of orange. Makes 2 1/2 quarts.","Combine cranberries, water, sugar, lemon juice and orange rond. Mix well.",finetuned_top_p
35,Crispy Saffron Rice (Tahdig),"1-1/2 cup Basmati Rice 3 quarts Water, Plus Salted Water For Soaking Rice 4 whole Threads Saffron, Divided 2 Tablespoons Salted Butter, Divided","1. Soak rice in salted water for 1 hour. 2. Bring the 3 quarts of water to boil in a large pot. Add rice and cook for 10 minutes. 3. Meanwhile, grind 2 threads of saffron and melt 1 tablespoon of butter. Combine the two and whisk until the butter takes on a rich orange hue. 4. Drain rice well. 5. Coat the bottom of the pot with the butter-saffron mixture, making sure to coat 1 inch up along the side of the pot. 6. Return rice to pot, forming a pyramid shape where the rice only touches at the bottom of the pot. 7. Cover the pot with a tight fitting lid and a few paper towels between the pot and lid (so the heat can't escape). 8. Cook on medium-low for 20 minutes. 9. Remove lid and scoop out rice into a bowl (leaving the crust untouched). Allow the crispy rice to cook until it is firm but not hard. 10. Meanwhile, melt the remaining butter and ground saffron, creating the same mixture you made in step earlier. Add in 1 cup of cooked rice and stir well until the rice takes on the deep yellow coloring of the saffron. 11. Top your white basmati rice with the yellow saffron rice. 12. When the crispy rice is ready, dip the bottom of the pot into cold water (in your sink will do). This will allow the crispy crust to separate from the pot quickly. 13. Tip the pot over into a large dish. Serve with or without your fluffy rice.","To Make a new Dish: Preheat oven to 400°. Roll with each end of the twine and cut over each. Add Rice, cooking for about an hour before cutting and cooking until browned, about 5 minutes. Beat until just combined. When ready to serve, stir the Rice mixture all over the rice, and spooning them evenly over rice, toasted and evenly coated, about 1 hour until each tooth is completely coated.",finetuned_top_p
36,Grits Casserole,"1 c. grits 1 stick butter 1 pkg. garlic cheese or 8 oz. sharp Cheddar and 1 tsp. garlic powder or jalapeno cheese 2 eggs, beaten 3/4 c. milk","Cook grits in 4 1/2 cups salted water. When done, add butter, cheese, eggs and milk. Stir until melted. Pour into greased casserole and sprinkle buttered bread crumbs on top. Bake 45 minutes or until center is done in a 350° oven.","Mix ingredients. Stir well. Put on a waxed paper towels, cover and bake at 350 degrees for 10 minutes. Cool for 15 minutes.",finetuned_top_p
37,Maple Walnuts,1-1/4 t sugar 1/4 t salt 1 T butter 1 T maple syrup 1 c coarsely chopped walnuts,"Preheat oven to 375. Stir sugar and salt in a small bowl; set aside. Put butter and maple syrup into a large saute pan. Bring to a boil. Remove from heat. Add nuts; toss to coat. Transfer nuts to a rimmed baking sheet. Sprinkle with the sugar mixture; toss to coat. Toast in oven until fragrant, about 7 minutes. Let nuts cool completely on sheet ona wire rack. Consider serving with pears and gorgonzola dolce (or dolcelatte).","Beat butter, maple syrup and salt in a large bowl until pale, about 1 to 2 minutes. Add walnuts, walnuts halves, walnut flakes and sugar. Simmer for 3 to 5 minutes in warm water.",finetuned_top_p
38,Blueberry Lemon Mousse Tart,"1 23 cups graham cracker crumbs (9 to 10 whole crackers) 13 cup quick-cooking rolled oats 3 tablespoons firmly packed brown sugar 5 tablespoons butter, melted 1 12 cups heavy cream, divided 3 tablespoons sugar, divided 14 teaspoon lemon extract 1 (8 ounce) package cream cheese, softened 3 tablespoons boiling water 2 teaspoons unflavored gelatin (1 envelope) 1 (12 ounce) jar Smucker's Orchard's Finest Northwoods Blueberry Preserves, divided 34 cup fresh blueberries","COMBINE cracker crumbs, oats and brown sugar in medium bowl. Stir in melted butter with a fork until evenly moistened. Press into 8-inch springform pan. BEAT 1 cup heavy cream until stiff peaks form. Beat in 2 tablespoons sugar and lemon extract. Place cream cheese on microwave-safe plate. Mircowave on HIGH 15 to 20 seconds or until very soft. Add to whipped cream, beating until smooth. Pour boiling water over gelatine in small bowl. Stir about 2 minutes or until gelatine is completely dissolved. Beat into cream cheese mixture until blended. Stir in 3/4 cup preserves. Spread over crumb crust. Chill 2 hours or overnight. BEAT remaining 1/2 cup heavy cream until stiff peaks form. Beat in 1 tablespoon sugar. Place in resealable plastic bag. Cut small corner off bag. Remove outer rim of pan. Place dollops of whipped cream around outside edge of cheesecake. Stir remaining preserves with fresh blueberries in small bowl. Spoon evenly in center of cheesecake.","Cook to desired brown sugar, melt oil in a large non-stick pan. In medium bowl, mix cream cheese and whipping cream in large bowl. Fold oats into two rounds. Set aside to cool. In large bowl, beat butter, cream, and sugar until well blended. Add orange zest, vanilla extract, and salt. Beat to combine. Add cream cheese mixture to the egg mixture in pan and mix gently to make thick paste. Let rise until crust is kneaded smooth and peaks form. When pie comes out of crust, remove and set aside to rest for 30 minutes.",finetuned_top_p
39,Bbq Bacon Burgers,"1/4 cup mayonnaise 1/4 cup barbecue sauce 4 bacon strips, cooked and crumbled 1-1/2 teaspoons dried minced onion 1-1/2 teaspoons steak seasoning 1 pound ground beef 4 slices Swiss cheese 4 hamburger buns, split Lettuce leaves and tomato slices","In a small bowl, combine mayonnaise and barbecue sauce. In another bowl, combine the bacon, 2 tablespoons mayonnaise mixture, onion and steak seasoning; crumble beef over mixture and mix well. Shape into four patties. Grill burgers, covered, over medium heat for 5-7 minutes on each side or until a thermometer reads 160° and juices run clear. Top with cheese. Cover and cook 1-2 minutes longer or until cheese is melted. Spread remaining mayonnaise mixture over cut sides of bun bottoms. Layer with a lettuce, burger and tomato. Replace tops.","In a large saucepan combine bacon, barbecue sauce, and onion. Stir in bacon strips and ham, sliced into 6-inch casserole dish. Place burger in pan and cook over high heat for 1 minute or until browned. Sprinkle with mustard and serve.",finetuned_top_p
40,Watermelon Salad With Kumquat Dressing,"1 cup water 12 cup sugar 1 tablespoon fresh ginger, finely chopped 4 kumquats 14 cup sour cream 2 bunches arugula, stemmed 1 tablespoon extra virgin olive oil 1 tablespoon fresh lemon juice 2 cups watermelon, seeded and balled 2 cups yellow watermelon, seeded and balled","Combine the water, sugar and ginger in a saucepan and bring to a boil over high heat. Add the kumquats and boil until tender, about 5 minutes. Remove the pan from the heat, remove and reserve the kumquats from the syrup with a slotted spoon. Let cool completely. Cut the kumquats in half and remove the seeds. Finely chop the kumquats. Whisk enough of the kumquat syrup (2 to 3 tablespoons) into the sour cream to obtain a pourable sauce. Whisk in kumquats and salt and pepper to taste. (You probably won't need all of the kumquat). Toss the arugula with the olive oil, lemon juice, and salt and pepper to taste. Mound the arugula in the center of 4 salad plates. Arrange the melon balls around the arugula, alternating red and yellow. Drizzle the kumquat cream over the melons and greens and serve at once.","Wash, drain, and blanch and cool to room temperature. Wash and thaw for 8-12 hours in a 2 quart casserole dish. Combine all ingredients except yogurt in a large bowl. Microwave and add kale and figs. Add soup ingredients and marinade. Place casseroles on wire rack. Lay casserola in rack and sprinkle with sour cream. Sprinkle salad greens on top.",finetuned_top_p
41,Chicken Or Turkey Caruso,"4 c. chicken broth 8 oz. uncooked elbow macaroni 2 slices bacon, cut up 1/4 c. chopped green pepper 1/3 c. chopped onion 2 c. cut up cooked turkey 8 oz. shredded American cheese 1/4 c. chopped pimiento 10 oz. frozen green peas, cooked and drained 3 Tbsp. sherry","In saucepan, heat chicken broth to boiling; add macaroni. Cook 10 minutes or until tender. Do not drain. In large skillet, fry bacon until crisp. Add green pepper and onion. Cook and stir until onion is tender; drain off excess fat. Stir in macaroni-broth mixture and remaining ingredients. Heat through. Makes 6 to 8 servings. Excellent for leftover turkey.",Add macaronimi to broth. Cover lid and cook on low for 2-3 hours. Taste meat from bone broth. Sprinkle with black pepper. Reduce heat to medium and simmer for 10 minutes.,finetuned_top_p
42,Creamy Potato Sticks,1/4 c. flour 1/2 tsp. salt 1 1/2 c. milk 1 can cream of celery soup 1/2 lb. cubed American cheese 5 or 6 peeled baking potatoes 1 c. chopped onion paprika,"In saucepan, combine flour and salt. Gradually whisk in milk until smooth. Bring to boil. Cook 2 minutes. Remove from heat. Whisk in soup and cheese until smooth. Set aside. Cut potatoes into 4 x 1/2-inch sticks. Place in greased 13 x 9-inch pan. Sprinkle with onion. Top with cheese sauce. Bake, uncovered, at 350° for 55 to 60 minutes until tender. Sprinkle with paprika.","Mix flour, salt, milk and onion. Gently stir into the pan. Cover. Bake at 350 for 30 minutes or until softened.",finetuned_top_p
43,Lettuce And Egg Salad,2 heads red leaf lettuce 3 hard-boiled eggs 3 ounces olive oil 1 1/2 ounces fresh lemon juice 2 tablespoons chopped onions 1 tablespoon chopped dill salt pepper,"Clean any yellow leaves from the lettuce. Wash the lettuce very well and cut in pieces. Drain well. Chop the onion and dill. Peel the eggs and cut in medium size pieces (6 pieces to an egg), cutting 1 egg in round slices. Mix the lettuce, eggs, onion and dill in a glass bowl. Lay the egg slices on top. Whisk together oil and lemon juice. Drizzle over salad. Salt and pepper to taste.",Drain the onions and add to the salad. Drizzle with olive oil. Layer a floured pie crust over the lettuce. Toast until lightly golden brown. Garnish with an egg and lemon juice.,finetuned_top_p
44,Diabetic Shortbread,1/2 lb butter 1/2 cup sugar 1/2 cup rice flour 1 3/4 cups flour,"Cream butter with sugar in mixing bowl til soft and fluffy. Stir in rice flour and all purpose flour until blended. Roll on lightly floured board. Cut into 1 1/2"" rounds. Place on ungreased cookie sheets. Prick with a fork (to form design if desired). Bake 325F 25 mins til golden.",Combine all ingredients except sugar. Mix thoroughly and stir in flour. Let cool for at least 4 hours. Place bakes in mold 10 to 15 hours at 350°. Remove from pan. Spread with filling.,finetuned_top_p
45,Gluten Free Holiday Rum Balls,"2 cups gluten-free vanilla shortbread, crumbs (Just whirl the Gluten Free shortbread around in your food processor until it is reduced to fine crum) 3 cups powdered sugar (you may need more) 1 cup walnuts, reduced to crumbs in the food processor 1/2 cup almonds, reduced to crumbs in the food processor 1/4 cup good quality unsweetened cocoa powder 1/4 cup good quality dark rum 1/2 cup semi-sweet chocolate chips 1/3 cup canned milk 2 teaspoons rum extract powdered sugar, for rolling the rum balls","Melt semisweet chips along with canned milk in the microwave on low-med or setting 5 for approximately 45 seconds or until chips can be gently stirred into the milk. set aside. Mix all the dry ingredients together well. add the rum a little at a time until everything makes a stiff dough. You may need more rum, just add until it's the right consistency. Like play dough. Add melted chocolate mixture and rum extract and mix well. Rum Ball dough should be stiff yet pliable. Roll into teaspoon sized balls and coat with powdered sugar. put into small papers and store covered in the fridge for at least 3 days to let flavors mellow, then just before serving, roll in more powdered sugar. These freeze well. Just freeze on a cookie sheet and store in a freezer bag for up to 4 weeks.",Let cool. Chill at least 12 hours. Mix chocolate chips and rum in a small bowl and spoon on the dough to coat. Sprinkle on a lightly greased cookie sheet. Bake in a preheated 375° oven for 25 minutes or until lightly golden brown. Cool completely and store in a cool container.,finetuned_top_p
46,Grandma Ruth'S Stuffing,"2 tablespoons olive oil 1 pound sliced fresh mushrooms 3 stalks celery, diced 2 onions, chopped 1 (20 ounce) loaf French or Italian bread, cut into 1 inch cubes 1 (16 ounce) package herb-seasoned stuffing mix 4 eggs, beaten 2 (14 ounce) cans chicken broth 2 teaspoons rubbed sage 2 teaspoons dried thyme 2 tablespoons garlic powder salt and pepper to taste","Heat oil in a large skillet over medium heat. Saute the mushrooms, celery, and onions until softened. Dampen the fresh bread cubes (not the stuffing mix), then squeeze out any excess water. In a large bowl, combine the mushroom mixture, bread cubes, stuffing mix, eggs, and 1 can chicken broth. Season with sage, thyme, garlic powder, salt, and pepper, and mix well. The stuffing should have a rather paste-like consistency. Mix in additional chicken broth as necessary. Loosely pack stuffing inside turkey cavity before roasting.","In a heavy skillet, heat olive oil over medium high heat. Meanwhile, combine mushrooms, onion, celery and mushrooms. Stir fry until mushrooms are browned and leaves are tender, about 15 seconds. Add the broth and cook for 8 minutes, stirring occasionally. Add reserved broth and bring to a boil. Reduce heat to medium and simmer for 2 minutes, or until vegetables are soft and is wilted. Stir in the broth mixture, sage and garlic. Stir into bread mix. Sprinkle the stuffing mixture over top of chicken.",finetuned_top_p
47,Hot Clam Dip,"1 can minced clams, mostly drained 1 1/2 pkg. Ritz crackers, crushed 1/2 c. butter 1 small onion, chopped fine squeeze of lemon",Mix all ingredients together. Put in ovenproof serving dish. Bake at 350° for 1/2 hour. Serve with party crackers (Wheat Thins are great!). Enjoy!,"Add onion, lemon, and butter to a blender. Blend until creamy. Place over beaten egg. Mix well, shaking occasionally and scraping down surface. Refrigerate.",finetuned_top_p
48,Eggnog Pound Cake,1 c. butter or margarine 1/2 c. shortening 3 c. sugar 6 eggs 3 c. flour 1 c. eggnog 1 tsp. lemon flavoring 1 tsp. vanilla 1/2 tsp. coconut flavoring,Cream butter and shortening. Gradually add sugar. Beat well. Add eggs beating after each addition. Add flour to creamed mixture alternately with eggnog mix until blended. Stir in flavorings. Pour into a greased Bundt cake pan. Bake at 325° for 1 1/2 hours or until a wooden pick inserted in center comes out clean. Cool in pan 10 minutes. Remove. One cup of chopped pecans or walnuts can be added if desired.,"Mix butter, margarine and sugar in saucepan until smooth. Cover and cook on low for 45 minutes. Add eggnogs and cook for 5 minutes. Remove eggs and shake on low to remove any browning. Sprinkle with lemon flavoration, but please do not over batter.",finetuned_top_p
49,sugar paste,3 cup sugar 1/2 cup starch 1/2 cup corn syrup 2 tbsp water 1 food colour,add all ingredients together to form a paste sprinkke the table and everything the paste touches with starch so it doesn't stick colour it and perform with it any shape you want. use it to decorate cakes,Prepare as per the directions in the packet instructions for sugar. Make sure the cake comes out after each layer has been prepared. Pour the starch in warm water and slowly stir to mix it. Refrigerate until first layer is fully cooked.,finetuned_top_p
